<?xml version="1.0"?>
<record_update>
  <sys_app action="INSERT_OR_UPDATE">
    <sys_id>34e03001fb6f48f1bd92990bf962e76d</sys_id>
    <sys_scope display_value="x_1848134_basic_ts">34e03001fb6f48f1bd92990bf962e76d</sys_scope>
    <active>true</active>
    <can_edit_in_studio>true</can_edit_in_studio>
    <enforce_license>log</enforce_license>
    <guided_setup_guid/>
    <hide_on_ui>false</hide_on_ui>
    <installed_as_dependency>false</installed_as_dependency>
    <js_level>es_latest</js_level>
    <licensable>true</licensable>
    <license_category>none</license_category>
    <license_model>none</license_model>
    <logo/>
    <menu/>
    <name>template-basic-ts</name>
    <package_json>x_1848134_basic_ts/template-basic-ts/0.0.1/package.json</package_json>
    <private>false</private>
    <restrict_table_access>false</restrict_table_access>
    <runtime_access_tracking>permissive</runtime_access_tracking>
    <scope>x_1848134_basic_ts</scope>
    <scoped_administration>false</scoped_administration>
    <short_description/>
    <source>x_1848134_basic_ts</source>
    <subscription_entitlement/>
    <trackable>true</trackable>
    <uninstall_blocked>false</uninstall_blocked>
    <user_role/>
    <version>0.0.1</version>
  </sys_app>
</record_update>