<?xml version="1.0"?>
<record_update>
  <sys_module action="INSERT_OR_UPDATE">
    <sys_id>44d311fc57464c7ebc2ea96e738a78e2</sys_id>
    <sys_scope display_value="x_1848134_basic_ts">34e03001fb6f48f1bd92990bf962e76d</sys_scope>
    <content><![CDATA[{
  "name": "template-basic-ts",
  "version": "0.0.1",
  "description": "",
  "license": "UNLICENSED",
  "scripts": {
    "bd": "now-sdk build && now-sdk install",
    "build": "now-sdk build",
    "deploy": "now-sdk install",
    "transform": "now-sdk transform",
    "types": "now-sdk dependencies"
  },
  "devDependencies": {
    "@servicenow/sdk": "4.0.2",
    "@servicenow/glide": "26.0.1",
    "eslint": "8.50.0",
    "@servicenow/eslint-plugin-sdk-app-plugin": "4.0.2",
    "typescript": "5.5.4"
  }
}]]></content>
    <external_source>false</external_source>
    <path>x_1848134_basic_ts/template-basic-ts/0.0.1/package.json</path>
    <sys_name>x_1848134_basic_ts/template-basic-ts/0.0.1/package.json</sys_name>
  </sys_module>
</record_update>