<?xml version="1.0"?>
<record_update>
  <sys_module action="INSERT_OR_UPDATE">
    <sys_id>7b3a8e3a3f844e339b74764faa6d1222</sys_id>
    <sys_scope display_value="x_1848134_basic_ts">34e03001fb6f48f1bd92990bf962e76d</sys_scope>
    <content><![CDATA[import { gs } from '@servicenow/glide';
export function showStateUpdate(current, previous) {
    const currentState = current.getValue('state');
    const previousState = previous.getValue('state');
    gs.addInfoMessage(`state updated from "${previousState}" to "${currentState}"`);
}
]]></content>
    <external_source>false</external_source>
    <path>x_1848134_basic_ts/template-basic-ts/0.0.1/src/server/script.ts</path>
    <sys_name>x_1848134_basic_ts/template-basic-ts/0.0.1/src/server/script.ts</sys_name>
  </sys_module>
</record_update>