<?xml version="1.0"?>
<record_update>
  <sys_module action="INSERT_OR_UPDATE">
    <sys_id>076d4163881842949c164a9b82a65a9a</sys_id>
    <sys_scope display_value="x_1848134_full_js">d94f5c3d54a94e6c81d2d4ff71598e3d</sys_scope>
    <content><![CDATA[{
  "name": "template-full-js",
  "version": "0.0.1",
  "description": "",
  "license": "UNLICENSED",
  "scripts": {
    "bd": "now-sdk build && now-sdk install",
    "build": "now-sdk build",
    "deploy": "now-sdk install",
    "transform": "now-sdk transform",
    "types": "now-sdk dependencies"
  },
  "devDependencies": {
    "@servicenow/sdk": "4.0.2",
    "@servicenow/glide": "26.0.1",
    "eslint": "8.50.0",
    "@servicenow/eslint-plugin-sdk-app-plugin": "4.0.2",
    "@servicenow/isomorphic-rollup": "^1.2.3"
  },
  "dependencies": {
    "react": "19.2.0",
    "react-dom": "19.2.0"
  }
}]]></content>
    <external_source>false</external_source>
    <path>x_1848134_full_js/template-full-js/0.0.1/package.json</path>
    <sys_name>x_1848134_full_js/template-full-js/0.0.1/package.json</sys_name>
  </sys_module>
</record_update>