<?xml version="1.0"?>
<record_update>
  <sys_script_client action="INSERT_OR_UPDATE">
    <sys_id>d5a003475325434ca35cd0bf9d084f83</sys_id>
    <sys_scope display_value="x_1848134_basic_js">47547612bb394b8688759effbb5360ae</sys_scope>
    <active>true</active>
    <applies_extended>false</applies_extended>
    <description>Custom client script generated by Now SDK</description>
    <field/>
    <global>true</global>
    <isolate_script>false</isolate_script>
    <messages/>
    <name>my_client_script</name>
    <script><![CDATA[function onLoad() {
        g_form.addInfoMessage("Table loaded successfully!!")
    }]]></script>
    <table>incident</table>
    <type>onLoad</type>
    <ui_type>10</ui_type>
    <view/>
  </sys_script_client>
</record_update>