<?xml version="1.0"?>
<record_update>
  <sys_script action="INSERT_OR_UPDATE">
    <sys_id>a317ca90ecbd4faf9dfbdca8a1d4306b</sys_id>
    <sys_scope display_value="x_1848134_basic_js">47547612bb394b8688759effbb5360ae</sys_scope>
    <abort_action>false</abort_action>
    <access>package_private</access>
    <action_delete>false</action_delete>
    <action_insert>false</action_insert>
    <action_query>false</action_query>
    <action_update>true</action_update>
    <active>true</active>
    <add_message>false</add_message>
    <advanced>true</advanced>
    <change_fields>false</change_fields>
    <client_callable>false</client_callable>
    <collection>incident</collection>
    <condition/>
    <description/>
    <execute_function>false</execute_function>
    <filter_condition/>
    <is_rest>false</is_rest>
    <message/>
    <name>LogStateChange</name>
    <order>100</order>
    <priority>100</priority>
    <rest_method/>
    <rest_method_text/>
    <rest_service/>
    <rest_service_text/>
    <rest_variables/>
    <role_conditions/>
    <script><![CDATA[// @fluent-module showStateUpdate;false;x_1848134_basic_js/template-basic-js/0.0.1/src/server/script.js
// WARNING: This code is generated by the ServiceNow SDK in order to provide
// support for modular JavaScript. Modifications of any kind are likely to
// result in unintended behavior. In most cases, you should edit the source
// file of the module imported below. If you are absolutely certain you want
// to take control of this code, you can remove this comment to prevent the
// SDK from regenerating it. However, you will then be responsible for the
// management of this code in your Fluent file.
const { showStateUpdate } = require('x_1848134_basic_js/template-basic-js/0.0.1/src/server/script.js');
showStateUpdate(current, previous);]]></script>
    <sys_policy/>
    <template/>
    <when>after</when>
  </sys_script>
</record_update>